nom;prenom;email;unite_affaire
Nom1;Prenom1;email1@softeam.com;Unite2
Nom2;Prenom2;email2@softeam.com;Unite3
Nom3;Prenom3;email3@softeam.com;Unite4
Nom4;Prenom4;email4@softeam.com;Unite5
Nom5;Prenom5;email5@softeam.com;Unite1
Nom6;Prenom6;email6@softeam.com;Unite2
Nom7;Prenom7;email7@softeam.com;Unite3
Nom8;Prenom8;email8@softeam.com;Unite4
Nom9;Prenom9;email9@softeam.com;Unite5
Nom10;Prenom10;email10@softeam.com;Unite1
Nom11;Prenom11;email11@softeam.com;Unite2
Nom12;Prenom12;email12@softeam.com;Unite3
Nom13;Prenom13;email13@softeam.com;Unite4
Nom14;Prenom14;email14@softeam.com;Unite5
Nom15;Prenom15;email15@softeam.com;Unite1
Nom16;Prenom16;email16@softeam.com;Unite2
Nom17;Prenom17;email17@softeam.com;Unite3
Nom18;Prenom18;email18@softeam.com;Unite4
Nom19;Prenom19;email19@softeam.com;Unite5
Nom20;Prenom20;email20@softeam.com;Unite1
Nom21;Prenom21;email21@softeam.com;Unite2
Nom22;Prenom22;email22@softeam.com;Unite3
Nom23;Prenom23;email23@softeam.com;Unite4
Nom24;Prenom24;email24@softeam.com;Unite5
Nom25;Prenom25;email25@softeam.com;Unite1
Nom26;Prenom26;email26@softeam.com;Unite2
Nom27;Prenom27;email27@softeam.com;Unite3
Nom28;Prenom28;email28@softeam.com;Unite4
Nom29;Prenom29;email29@softeam.com;Unite5
Nom30;Prenom30;email30@softeam.com;Unite1
Nom31;Prenom31;email31@softeam.com;Unite2
Nom32;Prenom32;email32@softeam.com;Unite3
Nom33;Prenom33;email33@softeam.com;Unite4
Nom34;Prenom34;email34@softeam.com;Unite5
Nom35;Prenom35;email35@softeam.com;Unite1
Nom36;Prenom36;email36@softeam.com;Unite2
Nom37;Prenom37;email37@softeam.com;Unite3
Nom38;Prenom38;email38@softeam.com;Unite4
Nom39;Prenom39;email39@softeam.com;Unite5
Nom40;Prenom40;email40@softeam.com;Unite1
Nom41;Prenom41;email41@softeam.com;Unite2
Nom42;Prenom42;email42@softeam.com;Unite3
Nom43;Prenom43;email43@softeam.com;Unite4
Nom44;Prenom44;email44@softeam.com;Unite5
Nom45;Prenom45;email45@softeam.com;Unite1
Nom46;Prenom46;email46@softeam.com;Unite2
Nom47;Prenom47;email47@softeam.com;Unite3
Nom48;Prenom48;email48@softeam.com;Unite4
Nom49;Prenom49;email49@softeam.com;Unite5
Nom50;Prenom50;email50@softeam.com;Unite1
Nom51;Prenom51;email51@softeam.com;Unite2
Nom52;Prenom52;email52@softeam.com;Unite3
Nom53;Prenom53;email53@softeam.com;Unite4
Nom54;Prenom54;email54@softeam.com;Unite5
Nom55;Prenom55;email55@softeam.com;Unite1
Nom56;Prenom56;email56@softeam.com;Unite2
Nom57;Prenom57;email57@softeam.com;Unite3
Nom58;Prenom58;email58@softeam.com;Unite4
Nom59;Prenom59;email59@softeam.com;Unite5
Nom60;Prenom60;email60@softeam.com;Unite1
Nom61;Prenom61;email61@softeam.com;Unite2
Nom62;Prenom62;email62@softeam.com;Unite3
Nom63;Prenom63;email63@softeam.com;Unite4
Nom64;Prenom64;email64@softeam.com;Unite5
Nom65;Prenom65;email65@softeam.com;Unite1
Nom66;Prenom66;email66@softeam.com;Unite2
Nom67;Prenom67;email67@softeam.com;Unite3
Nom68;Prenom68;email68@softeam.com;Unite4
Nom69;Prenom69;email69@softeam.com;Unite5
Nom70;Prenom70;email70@softeam.com;Unite1
Nom71;Prenom71;email71@softeam.com;Unite2
Nom72;Prenom72;email72@softeam.com;Unite3
Nom73;Prenom73;email73@softeam.com;Unite4
Nom74;Prenom74;email74@softeam.com;Unite5
Nom75;Prenom75;email75@softeam.com;Unite1
Nom76;Prenom76;email76@softeam.com;Unite2
Nom77;Prenom77;email77@softeam.com;Unite3
Nom78;Prenom78;email78@softeam.com;Unite4
Nom79;Prenom79;email79@softeam.com;Unite5
Nom80;Prenom80;email80@softeam.com;Unite1
Nom81;Prenom81;email81@softeam.com;Unite2
Nom82;Prenom82;email82@softeam.com;Unite3
Nom83;Prenom83;email83@softeam.com;Unite4
Nom84;Prenom84;email84@softeam.com;Unite5
Nom85;Prenom85;email85@softeam.com;Unite1
Nom86;Prenom86;email86@softeam.com;Unite2
Nom87;Prenom87;email87@softeam.com;Unite3
Nom88;Prenom88;email88@softeam.com;Unite4
Nom89;Prenom89;email89@softeam.com;Unite5
Nom90;Prenom90;email90@softeam.com;Unite1
Nom91;Prenom91;email91@softeam.com;Unite2
Nom92;Prenom92;email92@softeam.com;Unite3
Nom93;Prenom93;email93@softeam.com;Unite4
Nom94;Prenom94;email94@softeam.com;Unite5
Nom95;Prenom95;email95@softeam.com;Unite1
Nom96;Prenom96;email96@softeam.com;Unite2
Nom97;Prenom97;email97@softeam.com;Unite3
Nom98;Prenom98;email98@softeam.com;Unite4
Nom99;Prenom99;email99@softeam.com;Unite5
Nom100;Prenom100;email100@softeam.com;Unite1
